Piloto,Seguidores,Tweets,Likes,Rts,Fecha
LewisHamilton,7996177,1452,3835873,266266,2023-03-02 12:26:33.131919
alo_oficial,3339275,9001,521073,27388,2023-03-02 12:26:35.742571
ValtteriBottas,1565667,5996,303863,9182,2023-03-02 12:26:37.670453
KevinMagnussen,857661,1349,233823,9836,2023-03-02 12:26:39.591089
Max33Verstappen,3235656,2265,1890941,128650,2023-03-02 12:26:41.023770
Carlossainz55,2027044,8714,646679,29687,2023-03-02 12:26:42.503567
OconEsteban,813089,2460,360721,14043,2023-03-02 12:26:43.977390
lance_stroll,365355,599,295508,8623,2023-03-02 12:26:45.978896
PierreGASLY,1345318,2754,1883509,96157,2023-03-02 12:26:47.579466
Charles_Leclerc,2461824,2147,3962168,228728,2023-03-02 12:26:49.080855
LandoNorris,2282972,6752,922317,36138,2023-03-02 12:26:51.069611
GeorgeRussell63,1821298,3128,1775798,86241,2023-03-02 12:26:53.301145
alex_albon,768969,478,1289766,68305,2023-03-02 12:26:55.266639
yukitsunoda07,473305,760,521250,37720,2023-03-02 12:26:56.875233
ZhouGuanyu24,358498,1106,493184,18126,2023-03-02 12:26:58.794263
SChecoPerez,3590840,4720,1739954,120968,2023-03-02 12:27:00.658347
OscarPiastri,286399,1396,854507,62473,2023-03-02 12:27:02.090269
HulkHulkenberg,1175049,1437,594529,26659,2023-03-02 12:27:03.653170
nyckdevries,89115,2957,37653,1363,2023-03-02 12:27:05.657665
LoganSargeant,43532,718,72177,2570,2023-03-02 12:27:07.859181
LewisHamilton,8004593,1452,3840853,266452,2023-03-06 11:05:31.315314
alo_oficial,3365439,9006,531644,26942,2023-03-06 11:05:33.759519
ValtteriBottas,1571731,6011,262999,9209,2023-03-06 11:05:36.069333
KevinMagnussen,859930,1352,223639,9672,2023-03-06 11:05:37.806334
Max33Verstappen,3246367,2269,1904497,131410,2023-03-06 11:05:39.305814
Carlossainz55,2037675,8723,583687,25517,2023-03-06 11:05:40.795698
OconEsteban,816866,2464,317751,11663,2023-03-06 11:05:42.222513
lance_stroll,368657,599,295584,8627,2023-03-06 11:05:44.062999
PierreGASLY,1350545,2756,1892631,96819,2023-03-06 11:05:45.442857
Charles_Leclerc,2479650,2149,3905584,226846,2023-03-06 11:05:46.852714
LandoNorris,2289642,6763,822469,29076,2023-03-06 11:05:50.057161
GeorgeRussell63,1830124,3132,1762514,85800,2023-03-06 11:05:52.768054
alex_albon,772393,481,1248586,66981,2023-03-06 11:05:54.686386
yukitsunoda07,475668,761,515856,37776,2023-03-06 11:05:56.127458
ZhouGuanyu24,361407,1108,492106,18118,2023-03-06 11:05:57.929608
SChecoPerez,3598871,4723,1594686,101621,2023-03-06 11:05:59.710593
OscarPiastri,290114,1399,874113,63278,2023-03-06 11:06:01.116142
HulkHulkenberg,1177916,1439,590013,26342,2023-03-06 11:06:02.660228
nyckdevries,90316,2957,37642,1364,2023-03-06 11:06:04.575979
LoganSargeant,47784,720,88610,3090,2023-03-06 11:06:06.765625
LewisHamilton,8006055,1452,3840585,266464,2023-03-07 11:15:07.424406
alo_oficial,3375582,9011,562724,31604,2023-03-07 11:15:10.126604
ValtteriBottas,1572659,6011,266517,9279,2023-03-07 11:15:12.482608
KevinMagnussen,860309,1352,223817,9675,2023-03-07 11:15:14.265023
Max33Verstappen,3247905,2269,1909111,131708,2023-03-07 11:15:15.741220
Carlossainz55,2039358,8723,585344,25563,2023-03-07 11:15:17.243706
OconEsteban,817479,2464,317853,11666,2023-03-07 11:15:18.717222
lance_stroll,369440,599,295620,8629,2023-03-07 11:15:20.683190
PierreGASLY,1351818,2756,1900337,97066,2023-03-07 11:15:22.114363
Charles_Leclerc,2482385,2149,3917569,227337,2023-03-07 11:15:23.534574
LandoNorris,2290821,6763,830534,29231,2023-03-07 11:15:25.352604
GeorgeRussell63,1831400,3132,1766008,85878,2023-03-07 11:15:27.091815
alex_albon,773188,482,1254189,67130,2023-03-07 11:15:28.968744
yukitsunoda07,476256,761,518270,37891,2023-03-07 11:15:30.401852
ZhouGuanyu24,361858,1108,492070,18120,2023-03-07 11:15:32.211470
SChecoPerez,3600872,4723,1616926,102985,2023-03-07 11:15:34.181134
OscarPiastri,290714,1399,875298,63312,2023-03-07 11:15:35.557072
HulkHulkenberg,1178377,1440,536513,22363,2023-03-07 11:15:37.061466
nyckdevries,90459,2957,37640,1364,2023-03-07 11:15:39.019237
LoganSargeant,48741,720,92083,3178,2023-03-07 11:15:41.346396
LewisHamilton,8007156,1452,3840247,266461,2023-03-08 16:08:50.521088
alo_oficial,3378709,9014,569562,32132,2023-03-08 16:09:14.303629
ValtteriBottas,1573413,6011,266728,9278,2023-03-08 16:09:16.964588
KevinMagnussen,860649,1352,223835,9679,2023-03-08 16:09:40.109316
Max33Verstappen,3249028,2269,1910073,131744,2023-03-08 16:09:41.773021
Carlossainz55,2041230,8729,452248,20225,2023-03-08 16:09:43.579030
OconEsteban,817982,2465,317822,11670,2023-03-08 16:09:45.076436
lance_stroll,373630,600,328047,11064,2023-03-08 16:09:46.889239
PierreGASLY,1352830,2756,1900881,97086,2023-03-08 16:09:48.285777
Charles_Leclerc,2484592,2149,3919742,227418,2023-03-08 16:09:49.648040
LandoNorris,2291667,6768,808322,28090,2023-03-08 16:10:12.600139
GeorgeRussell63,1832432,3132,1766273,85899,2023-03-08 16:10:14.286210
alex_albon,773796,482,1255689,67168,2023-03-08 16:10:16.357205
yukitsunoda07,476646,761,518575,37914,2023-03-08 16:10:17.919212
ZhouGuanyu24,362304,1109,492053,18118,2023-03-08 16:10:20.037433
SChecoPerez,3602193,4723,1619212,103109,2023-03-08 16:10:22.095459
OscarPiastri,291106,1399,875409,63314,2023-03-08 16:10:23.516655
HulkHulkenberg,1178815,1440,536650,22368,2023-03-08 16:10:25.089920
nyckdevries,90565,2957,37641,1364,2023-03-08 16:10:27.056944
LoganSargeant,49146,721,92302,3190,2023-03-08 16:10:29.075401
LewisHamilton,8008022,1453,3839985,266509,2023-03-09 16:47:52.247101
alo_oficial,3380789,9016,583782,32672,2023-03-09 16:47:54.809375
ValtteriBottas,1574163,6013,236078,8483,2023-03-09 16:47:57.127702
KevinMagnussen,860941,1352,223827,9678,2023-03-09 16:47:58.996896
Max33Verstappen,3249758,2269,1910314,131793,2023-03-09 16:48:00.455896
Carlossainz55,2042820,8729,471405,20628,2023-03-09 16:48:02.102904
OconEsteban,818434,2465,317827,11673,2023-03-09 16:48:03.603879
lance_stroll,374613,600,330879,11224,2023-03-09 16:48:05.491948
PierreGASLY,1353529,2756,1900481,97092,2023-03-09 16:48:07.482611
Charles_Leclerc,2486312,2149,3920366,227452,2023-03-09 16:48:09.192566
LandoNorris,2292316,6771,789139,27465,2023-03-09 16:48:10.956439
GeorgeRussell63,1833461,3133,1772408,85805,2023-03-09 16:48:13.092540
alex_albon,774172,482,1255810,67197,2023-03-09 16:48:15.002545
yukitsunoda07,476966,761,518594,37920,2023-03-09 16:48:16.670600
ZhouGuanyu24,362625,1109,492074,18126,2023-03-09 16:48:18.559534
SChecoPerez,3603340,4724,1549556,96151,2023-03-09 16:48:20.472875
OscarPiastri,291390,1399,875455,63323,2023-03-09 16:48:21.898874
HulkHulkenberg,1179127,1440,536673,22373,2023-03-09 16:48:23.358326
nyckdevries,90658,2957,37641,1366,2023-03-09 16:48:25.318583
LoganSargeant,49298,721,92340,3191,2023-03-09 16:48:27.647233
LewisHamilton,8008499,1453,3839577,266403,2023-03-11 18:07:43.827508
alo_oficial,3384269,9015,593968,33066,2023-03-11 18:07:46.870781
ValtteriBottas,1577255,6015,336338,15553,2023-03-11 18:07:49.585113
KevinMagnussen,861437,1352,223819,9675,2023-03-11 18:07:51.939936
Max33Verstappen,3251677,2270,1870550,128559,2023-03-11 18:07:53.783974
Carlossainz55,2044742,8729,464827,20667,2023-03-11 18:07:55.565316
OconEsteban,819185,2466,308142,11127,2023-03-11 18:07:57.470419
lance_stroll,375678,600,331124,11243,2023-03-11 18:07:59.621181
PierreGASLY,1354609,2756,1900774,97072,2023-03-11 18:08:01.260365
Charles_Leclerc,2489140,2149,3920329,227409,2023-03-11 18:08:02.897368
LandoNorris,2293505,6771,790743,27486,2023-03-11 18:08:05.355098
GeorgeRussell63,1834980,3134,1748476,85326,2023-03-11 18:08:08.020206
alex_albon,774820,482,1255638,67177,2023-03-11 18:08:10.168278
yukitsunoda07,477532,761,518599,37910,2023-03-11 18:08:12.010920
ZhouGuanyu24,363193,1109,492031,18112,2023-03-11 18:08:14.059204
SChecoPerez,3604949,4725,1545741,95611,2023-03-11 18:08:16.368166
OscarPiastri,292047,1399,875458,63304,2023-03-11 18:08:18.074221
HulkHulkenberg,1179638,1440,536625,22369,2023-03-11 18:08:19.897416
nyckdevries,90786,2957,37639,1365,2023-03-11 18:08:22.252376
LoganSargeant,49601,721,92350,3190,2023-03-11 18:08:24.608941
LewisHamilton,8013381,1453,3839076,266341,2023-03-18 09:47:12.567002
alo_oficial,3392515,9015,594315,33109,2023-03-18 09:47:14.912004
ValtteriBottas,1581304,6025,330954,15266,2023-03-18 09:47:17.054003
KevinMagnussen,862585,1353,222251,9640,2023-03-18 09:47:18.716738
Max33Verstappen,3259291,2274,1842255,126161,2023-03-18 09:47:20.182836
Carlossainz55,2051834,8734,475422,23862,2023-03-18 09:47:21.744626
OconEsteban,821540,2469,305990,11041,2023-03-18 09:47:23.162622
lance_stroll,379451,600,331003,11245,2023-03-18 09:47:25.002623
PierreGASLY,1357851,2756,1899934,97014,2023-03-18 09:47:26.367623
Charles_Leclerc,2498883,2149,3920719,227372,2023-03-18 09:47:27.905626
LandoNorris,2297267,6773,779184,26969,2023-03-18 09:47:29.660623
GeorgeRussell63,1839990,3134,1754472,85451,2023-03-18 09:47:31.282623
alex_albon,776810,485,1226487,66420,2023-03-18 09:47:33.077319
yukitsunoda07,479253,761,518524,37919,2023-03-18 09:47:34.533303
ZhouGuanyu24,365166,1111,492547,18084,2023-03-18 09:47:36.309307
SChecoPerez,3610589,4727,1567145,96208,2023-03-18 09:47:38.131602
OscarPiastri,294046,1402,872602,63301,2023-03-18 09:47:39.483601
HulkHulkenberg,1180926,1440,536266,22362,2023-03-18 09:47:40.883601
nyckdevries,91189,2957,37632,1365,2023-03-18 09:47:42.827603
LoganSargeant,50293,721,92356,3190,2023-03-18 09:47:44.897602
LewisHamilton,8016531,1453,3837758,266294,2023-03-20 13:05:06.064603
alo_oficial,3416182,9027,768969,56141,2023-03-20 13:05:08.390601
ValtteriBottas,1584013,6029,315060,14922,2023-03-20 13:05:10.775601
KevinMagnussen,863787,1355,221982,9642,2023-03-20 13:05:12.627600
Max33Verstappen,3265466,2276,1853584,126409,2023-03-20 13:05:13.925601
Carlossainz55,2057352,8740,473850,22845,2023-03-20 13:05:15.613270
OconEsteban,823355,2471,306189,10936,2023-03-20 13:05:17.024846
lance_stroll,383033,601,333290,11300,2023-03-20 13:05:18.881730
PierreGASLY,1359972,2756,1898921,97003,2023-03-20 13:05:20.323144
Charles_Leclerc,2506679,2150,3784988,221966,2023-03-20 13:05:21.801134
LandoNorris,2300242,6775,799155,27584,2023-03-20 13:05:23.507763
GeorgeRussell63,1845567,3137,1767011,84759,2023-03-20 13:05:25.151737
alex_albon,778216,486,1202826,65060,2023-03-20 13:05:27.038390
yukitsunoda07,480528,761,518348,37918,2023-03-20 13:05:28.462453
ZhouGuanyu24,366462,1113,478786,17674,2023-03-20 13:05:30.335076
SChecoPerez,3622944,4730,1705674,110683,2023-03-20 13:05:32.098431
OscarPiastri,296720,1405,892511,64154,2023-03-20 13:05:33.469588
HulkHulkenberg,1182215,1442,464155,17476,2023-03-20 13:05:35.043661
nyckdevries,91496,2957,37615,1365,2023-03-20 13:05:36.961791
LoganSargeant,51731,723,98002,3272,2023-03-20 13:05:39.510547
LewisHamilton,8017743,1453,3837115,266301,2023-03-21 13:06:43.261336
alo_oficial,3447890,9029,1070024,102616,2023-03-21 13:06:46.046886
ValtteriBottas,1585364,6029,315711,14938,2023-03-21 13:06:48.786529
KevinMagnussen,864484,1355,222539,9651,2023-03-21 13:06:50.775378
Max33Verstappen,3267573,2276,1857499,126554,2023-03-21 13:06:52.402305
Carlossainz55,2059817,8741,477091,22923,2023-03-21 13:06:54.198146
OconEsteban,824438,2471,306774,10949,2023-03-21 13:06:55.682845
lance_stroll,384550,601,333264,11299,2023-03-21 13:06:57.717219
PierreGASLY,1361077,2756,1899120,96991,2023-03-21 13:06:59.277478
Charles_Leclerc,2509882,2151,3812427,223036,2023-03-21 13:07:00.795667
LandoNorris,2301856,6776,813360,27987,2023-03-21 13:07:02.680858
GeorgeRussell63,1850323,3137,1796156,85739,2023-03-21 13:07:04.718112
alex_albon,778960,486,1203556,65067,2023-03-21 13:07:06.637011
yukitsunoda07,481890,762,523057,38621,2023-03-21 13:07:08.281266
ZhouGuanyu24,367220,1113,479227,17685,2023-03-21 13:07:10.255039
SChecoPerez,3627686,4730,1727048,112391,2023-03-21 13:07:12.122385
OscarPiastri,297560,1406,893426,64141,2023-03-21 13:07:13.858307
HulkHulkenberg,1182912,1442,465166,17493,2023-03-21 13:07:15.494232
nyckdevries,91657,2957,37600,1364,2023-03-21 13:07:17.415562
LoganSargeant,52155,723,98656,3282,2023-03-21 13:07:19.783479
LewisHamilton,8020149,1455,3915358,277053,2023-03-22 16:15:12.394113
alo_oficial,3459038,9033,1166377,109451,2023-03-22 16:15:15.116109
ValtteriBottas,1586227,6031,309789,14870,2023-03-22 16:15:17.839146
KevinMagnussen,864828,1355,222579,9650,2023-03-22 16:15:19.947291
Max33Verstappen,3268749,2276,1857795,126586,2023-03-22 16:15:21.914883
Carlossainz55,2061380,8744,420729,20655,2023-03-22 16:15:24.309952
OconEsteban,825104,2471,306803,10959,2023-03-22 16:15:26.914885
lance_stroll,385530,601,333244,11301,2023-03-22 16:15:28.897630
PierreGASLY,1362369,2757,1902286,97685,2023-03-22 16:15:30.461617
Charles_Leclerc,2512366,2151,3819687,223311,2023-03-22 16:15:32.136146
LandoNorris,2302885,6777,814752,28061,2023-03-22 16:15:34.137666
GeorgeRussell63,1853355,3139,1772204,82317,2023-03-22 16:15:36.873475
alex_albon,779640,487,1042851,57167,2023-03-22 16:15:39.267235
yukitsunoda07,482561,762,524241,38675,2023-03-22 16:15:40.824263
ZhouGuanyu24,367658,1113,479116,17683,2023-03-22 16:15:43.225489
SChecoPerez,3630401,4730,1730417,112646,2023-03-22 16:15:45.296762
OscarPiastri,298217,1408,893480,64165,2023-03-22 16:15:46.864177
HulkHulkenberg,1183190,1442,465146,17488,2023-03-22 16:15:48.641426
nyckdevries,91758,2957,37623,1365,2023-03-22 16:15:51.138131
LoganSargeant,52372,723,98685,3283,2023-03-22 16:15:54.592751
LewisHamilton,8020989,1455,3924871,277717,2023-03-23 17:24:29.495243
alo_oficial,3469742,9035,1262865,113353,2023-03-23 17:24:32.438244
ValtteriBottas,1587010,6032,309120,14794,2023-03-23 17:24:34.858244
KevinMagnussen,865101,1355,222501,9648,2023-03-23 17:24:36.889243
Max33Verstappen,3269698,2276,1857545,126615,2023-03-23 17:24:38.513242
Carlossainz55,2062724,8744,411187,20756,2023-03-23 17:24:40.705242
OconEsteban,825617,2471,306802,10954,2023-03-23 17:24:42.472242
lance_stroll,386297,601,333160,11301,2023-03-23 17:24:44.612243
PierreGASLY,1363152,2757,1904648,97803,2023-03-23 17:24:46.245244
Charles_Leclerc,2514115,2151,3819187,223349,2023-03-23 17:24:47.984243
LandoNorris,2303912,6778,808367,27705,2023-03-23 17:24:50.119243
GeorgeRussell63,1858474,3142,1560312,62183,2023-03-23 17:24:52.187244
alex_albon,780193,487,1043494,57206,2023-03-23 17:24:55.009243
yukitsunoda07,482936,762,524280,38678,2023-03-23 17:24:56.600242
ZhouGuanyu24,367832,1113,478997,17681,2023-03-23 17:24:58.721243
SChecoPerez,3632216,4730,1731262,112734,2023-03-23 17:25:01.006243
OscarPiastri,298754,1408,894538,64189,2023-03-23 17:25:02.652243
HulkHulkenberg,1183532,1442,464914,17486,2023-03-23 17:25:04.313243
nyckdevries,91831,2957,37597,1364,2023-03-23 17:25:06.569242
LoganSargeant,52537,723,98668,3283,2023-03-23 17:25:09.007242
LewisHamilton,8021799,1455,3927200,277751,2023-03-25 07:44:43.338392
alo_oficial,3473717,9037,1250364,112394,2023-03-25 07:44:52.181337
ValtteriBottas,1587706,6033,311529,14809,2023-03-25 07:44:56.851873
KevinMagnussen,865323,1355,222556,9650,2023-03-25 07:45:00.480395
Max33Verstappen,3270641,2276,1858212,126606,2023-03-25 07:45:03.373779
Carlossainz55,2064122,8744,427477,20900,2023-03-25 07:45:06.040555
OconEsteban,826140,2472,308029,10988,2023-03-25 07:45:08.048355
lance_stroll,387188,601,333213,11300,2023-03-25 07:45:11.025150
PierreGASLY,1363967,2757,1905488,97817,2023-03-25 07:45:13.172038
Charles_Leclerc,2516069,2151,3820729,223347,2023-03-25 07:45:15.424942
LandoNorris,2304753,6779,825275,28069,2023-03-25 07:45:18.553888
GeorgeRussell63,1860323,3142,1575954,62568,2023-03-25 07:45:21.365160
alex_albon,780920,488,1051525,57594,2023-03-25 07:45:24.848563
yukitsunoda07,483315,762,524376,38675,2023-03-25 07:45:27.199877
ZhouGuanyu24,368203,1113,479046,17683,2023-03-25 07:45:29.946854
SChecoPerez,3634229,4730,1732249,112777,2023-03-25 07:45:32.833993
OscarPiastri,299400,1411,892136,64185,2023-03-25 07:45:35.148623
HulkHulkenberg,1183613,1442,465032,17483,2023-03-25 07:45:37.294010
nyckdevries,91942,2957,37621,1365,2023-03-25 07:45:40.406958
LoganSargeant,52764,723,98708,3282,2023-03-25 07:45:43.786728
LewisHamilton,8031830,1465,3983951,289203,2023-04-04 12:52:12.847379
alo_oficial,3508717,9057,1598113,136734,2023-04-04 12:52:15.602779
ValtteriBottas,1595185,6055,276242,13291,2023-04-04 12:52:18.039842
KevinMagnussen,867841,1358,221673,9631,2023-04-04 12:52:19.907673
Max33Verstappen,3281721,2279,1815467,124707,2023-04-04 12:52:21.470270
Carlossainz55,2080410,8740,420756,19725,2023-04-04 12:52:22.933010
OconEsteban,831085,2482,297913,10371,2023-04-04 12:52:24.404964
lance_stroll,392823,602,336457,11374,2023-04-04 12:52:26.370170
PierreGASLY,1370725,2758,1897995,97616,2023-04-04 12:52:27.904245
Charles_Leclerc,2534530,2152,3814477,223667,2023-04-04 12:52:29.439331
LandoNorris,2313338,6802,724145,23327,2023-04-04 12:52:31.583593
GeorgeRussell63,1878142,3149,1437512,54094,2023-04-04 12:52:33.497335
alex_albon,785722,494,720322,31592,2023-04-04 12:52:35.086846
yukitsunoda07,487425,763,539217,39864,2023-04-04 12:52:36.572309
ZhouGuanyu24,373248,1121,469815,17260,2023-04-04 12:52:38.318026
SChecoPerez,3650162,4734,1744250,111312,2023-04-04 12:52:40.237781
OscarPiastri,305376,1432,261924,9637,2023-04-04 12:52:41.705877
HulkHulkenberg,1185536,1443,456521,17288,2023-04-04 12:52:43.310211
nyckdevries,92679,2957,37546,1365,2023-04-04 12:52:45.226217
LoganSargeant,54120,724,100087,3341,2023-04-04 12:52:47.440156
LewisHamilton,8032664,1465,3985263,289316,2023-04-05 12:57:22.397422
alo_oficial,3510837,9057,1619915,137642,2023-04-05 12:57:25.086305
ValtteriBottas,1595809,6057,275145,13389,2023-04-05 12:57:27.167505
KevinMagnussen,868019,1359,220235,9603,2023-04-05 12:57:28.917897
Max33Verstappen,3282623,2279,1815339,124703,2023-04-05 12:57:30.392710
Carlossainz55,2081822,8740,421073,19732,2023-04-05 12:57:31.727708
OconEsteban,831540,2482,297878,10371,2023-04-05 12:57:33.154679
lance_stroll,393411,602,336433,11376,2023-04-05 12:57:35.086918
PierreGASLY,1371522,2758,1898288,97623,2023-04-05 12:57:36.512149
Charles_Leclerc,2538120,2152,3815031,223619,2023-04-05 12:57:38.082396
LandoNorris,2314512,6802,725908,23352,2023-04-05 12:57:40.130925
GeorgeRussell63,1879242,3149,1437622,54078,2023-04-05 12:57:41.947473
alex_albon,786215,494,721166,31610,2023-04-05 12:57:43.541608
yukitsunoda07,487884,763,539635,39874,2023-04-05 12:57:45.157396
ZhouGuanyu24,373672,1121,470442,17280,2023-04-05 12:57:47.032330
SChecoPerez,3651107,4734,1745574,111413,2023-04-05 12:57:48.999822
OscarPiastri,305812,1433,263701,9622,2023-04-05 12:57:50.463426
HulkHulkenberg,1185743,1444,456488,17289,2023-04-05 12:57:51.915345
nyckdevries,92766,2957,37542,1365,2023-04-05 12:57:53.829443
LoganSargeant,54281,724,100088,3341,2023-04-05 12:57:56.017198
LewisHamilton,8033205,1465,3985263,289304,2023-04-06 13:28:59.880959
alo_oficial,3512409,9058,1621605,137712,2023-04-06 13:29:02.855763
ValtteriBottas,1596320,6058,275371,13402,2023-04-06 13:29:05.072115
KevinMagnussen,868205,1359,220392,9611,2023-04-06 13:29:06.900428
Max33Verstappen,3283334,2279,1815106,124694,2023-04-06 13:29:08.349551
Carlossainz55,2083033,8741,410313,19575,2023-04-06 13:29:09.775904
OconEsteban,831903,2482,297854,10366,2023-04-06 13:29:11.272955
lance_stroll,393809,602,336382,11375,2023-04-06 13:29:13.140957
PierreGASLY,1372051,2758,1898084,97616,2023-04-06 13:29:14.533957
Charles_Leclerc,2540816,2152,3815336,223621,2023-04-06 13:29:15.983105
LandoNorris,2315308,6803,726222,23357,2023-04-06 13:29:17.834985
GeorgeRussell63,1880259,3149,1437564,54077,2023-04-06 13:29:19.730924
alex_albon,786578,494,721097,31609,2023-04-06 13:29:21.139624
yukitsunoda07,488231,763,539639,39863,2023-04-06 13:29:22.619679
ZhouGuanyu24,373912,1121,470492,17285,2023-04-06 13:29:24.454105
SChecoPerez,3651937,4734,1745841,111409,2023-04-06 13:29:26.246751
OscarPiastri,306280,1434,271957,10079,2023-04-06 13:29:27.699944
HulkHulkenberg,1185885,1444,456415,17286,2023-04-06 13:29:29.158365
nyckdevries,92818,2957,37534,1365,2023-04-06 13:29:31.090240
LoganSargeant,54405,724,100077,3340,2023-04-06 13:29:33.202975
LewisHamilton,8034166,1467,3983743,289224,2023-04-10 10:01:20.208279
alo_oficial,3515925,9059,1630623,138029,2023-04-10 10:01:24.634529
ValtteriBottas,1597603,6058,275961,13412,2023-04-10 10:01:27.892431
KevinMagnussen,868658,1359,220256,9608,2023-04-10 10:01:33.559731
Max33Verstappen,3285065,2279,1814317,124631,2023-04-10 10:01:36.739237
Carlossainz55,2086523,8738,418720,19965,2023-04-10 10:01:38.476724
OconEsteban,832952,2482,273889,9832,2023-04-10 10:01:42.885808
lance_stroll,395034,602,336330,11375,2023-04-10 10:01:45.440045
PierreGASLY,1373860,2754,1897423,97589,2023-04-10 10:01:47.185173
Charles_Leclerc,2546307,2154,3535351,209512,2023-04-10 10:01:48.817050
LandoNorris,2317134,6803,726773,23359,2023-04-10 10:01:50.868401
GeorgeRussell63,1883211,3149,1437328,54071,2023-04-10 10:01:53.017196
alex_albon,787572,494,720739,31598,2023-04-10 10:01:54.579578
yukitsunoda07,489152,763,539586,39877,2023-04-10 10:01:56.395409
ZhouGuanyu24,374782,1122,476072,17454,2023-04-10 10:01:58.332640
SChecoPerez,3655399,4734,1745733,111411,2023-04-10 10:02:00.122626
OscarPiastri,307532,1435,280731,10273,2023-04-10 10:02:01.641628
HulkHulkenberg,1186139,1444,456193,17280,2023-04-10 10:02:03.178627
nyckdevries,92911,2957,37530,1366,2023-04-10 10:02:05.055621
LoganSargeant,54644,725,100017,3339,2023-04-10 10:02:07.280605
LewisHamilton,8034619,1467,3983116,289176,2023-04-11 12:48:17.076090
alo_oficial,3516921,9059,1631520,138058,2023-04-11 12:48:19.763091
ValtteriBottas,1598091,6059,278251,13468,2023-04-11 12:48:21.909090
KevinMagnussen,868765,1359,220198,9608,2023-04-11 12:48:23.613090
Max33Verstappen,3285617,2280,1814171,124633,2023-04-11 12:48:25.708091
Carlossainz55,2087518,8739,418374,19876,2023-04-11 12:48:27.166091
OconEsteban,833261,2482,273922,9832,2023-04-11 12:48:28.559089
lance_stroll,395352,602,336261,11375,2023-04-11 12:48:30.475091
PierreGASLY,1374374,2754,1897188,97578,2023-04-11 12:48:32.170057
Charles_Leclerc,2547645,2154,3535282,209519,2023-04-11 12:48:33.540056
LandoNorris,2317569,6803,726779,23364,2023-04-11 12:48:35.268057
GeorgeRussell63,1884047,3149,1437056,54074,2023-04-11 12:48:37.167211
alex_albon,787899,494,720644,31599,2023-04-11 12:48:38.598210
yukitsunoda07,489346,763,539451,39856,2023-04-11 12:48:39.969473
ZhouGuanyu24,375037,1122,476918,17470,2023-04-11 12:48:42.478887
SChecoPerez,3656133,4734,1745737,111413,2023-04-11 12:48:44.165790
OscarPiastri,307806,1435,280771,10272,2023-04-11 12:48:45.635485
HulkHulkenberg,1186235,1444,456098,17283,2023-04-11 12:48:47.179327
nyckdevries,92961,2957,37517,1362,2023-04-11 12:48:49.199043
LoganSargeant,54683,725,99987,3340,2023-04-11 12:48:51.360424
LewisHamilton,8038656,1472,4005793,289110,2023-04-19 11:46:33.852428
alo_oficial,3525994,9065,1766928,146202,2023-04-19 11:46:36.529059
ValtteriBottas,1601065,6061,279389,13625,2023-04-19 11:46:38.612178
KevinMagnussen,869399,1359,219981,9581,2023-04-19 11:46:40.394861
Max33Verstappen,3289758,2279,1812173,124432,2023-04-19 11:46:41.849761
Carlossainz55,2094472,8743,441141,21719,2023-04-19 11:46:43.141762
OconEsteban,835781,2486,270732,9757,2023-04-19 11:46:44.462281
lance_stroll,397813,602,335933,11324,2023-04-19 11:46:46.086962
PierreGASLY,1378394,2754,1895865,97407,2023-04-19 11:46:47.460885
Charles_Leclerc,2556693,2154,3534965,209096,2023-04-19 11:46:48.831858
LandoNorris,2321481,6807,724576,23356,2023-04-19 11:46:50.520885
GeorgeRussell63,1890305,3152,1366130,51977,2023-04-19 11:46:52.180815
alex_albon,789916,494,720009,31486,2023-04-19 11:46:53.488800
yukitsunoda07,491425,764,541954,40316,2023-04-19 11:46:54.844778
ZhouGuanyu24,376767,1123,483500,17715,2023-04-19 11:46:56.438416
SChecoPerez,3660946,4735,1746105,111399,2023-04-19 11:46:58.102449
OscarPiastri,309773,1438,277216,10171,2023-04-19 11:46:59.461574
HulkHulkenberg,1187206,1444,455646,17298,2023-04-19 11:47:00.911813
nyckdevries,93346,2957,37494,1359,2023-04-19 11:47:02.632519
LoganSargeant,55275,729,102116,3427,2023-04-19 11:47:04.508862
LewisHamilton,8038729,1472,4004480,289061,2023-04-20 18:44:06.136006
alo_oficial,3526485,9066,1767335,146211,2023-04-20 18:44:10.452664
ValtteriBottas,1601314,6061,279325,13621,2023-04-20 18:44:13.561059
KevinMagnussen,869428,1359,219967,9580,2023-04-20 18:44:16.576987
Max33Verstappen,3290146,2279,1811515,124425,2023-04-20 18:44:18.692140
Carlossainz55,2095235,8743,446539,21941,2023-04-20 18:44:20.322893
OconEsteban,835982,2486,270695,9756,2023-04-20 18:44:22.280079
lance_stroll,398056,602,335878,11325,2023-04-20 18:44:25.440481
PierreGASLY,1378736,2754,1895247,97402,2023-04-20 18:44:27.054409
Charles_Leclerc,2557837,2154,3533931,209089,2023-04-20 18:44:28.502469
LandoNorris,2321800,6807,724609,23358,2023-04-20 18:44:30.529417
GeorgeRussell63,1890939,3152,1367337,52005,2023-04-20 18:44:32.885380
alex_albon,790110,495,549513,23123,2023-04-20 18:44:34.661950
yukitsunoda07,491662,764,541932,40318,2023-04-20 18:44:36.705510
ZhouGuanyu24,376992,1124,478294,17387,2023-04-20 18:44:39.065065
SChecoPerez,3661400,4735,1745925,111409,2023-04-20 18:44:41.808564
OscarPiastri,309921,1438,277198,10173,2023-04-20 18:44:44.725127
HulkHulkenberg,1187212,1444,455534,17298,2023-04-20 18:44:47.407265
nyckdevries,93368,2957,37478,1358,2023-04-20 18:44:49.636599
LoganSargeant,55325,729,102107,3428,2023-04-20 18:44:52.630235
